task,model,n_participants,n_trials,draws,acc_mean,acc_median,acc_lo10,acc_hi90,acc_lo025,acc_hi975,iter,warmup,chains,elapsed_sec
FullcrossTimelimited,B3_five_parameter_bias_lapse,65,40,1000,0.540248076923077,0.54,0.5280769230769231,0.5527307692307692,0.5219230769230769,0.5611634615384615,1000,500,2,146.12486910820007
FulltickNoTimelimited,B3_five_parameter_bias_lapse,65,40,1000,0.533623076923077,0.5334615384615384,0.5215384615384615,0.5465384615384615,0.5134615384615384,0.552701923076923,1000,500,2,147.73506593704224
PartialcrossNoTimelimited,B3_five_parameter_bias_lapse,56,40,1000,0.587403125,0.5875,0.5741071428571428,0.6009375,0.5647321428571429,0.6080357142857142,1000,500,2,124.87620806694031
PartialtickNoTimelimited,B3_five_parameter_bias_lapse,56,40,1000,0.5948107142857143,0.5950892857142858,0.58125,0.6084821428571429,0.5732142857142857,0.6147321428571428,1000,500,2,199.47316718101501
