"Variable","Level","N","Mean_Risky_Chance","SE_Risky_Chance","Mean_Risky_Percent","SE_Risky_Percent"
"Time_Pressure","No","968","0.457954545454545","0.00612517651968784","45.7954545454545","0.612517651968784"
"Time_Pressure","Yes","968","0.465909090909091","0.00641618335052143","46.5909090909091","0.641618335052143"
"Choice_Frame","Accept","968","0.447727272727273","0.00634923295097108","44.7727272727273","0.634923295097108"
"Choice_Frame","Reject","968","0.476136363636364","0.00616342800268905","47.6136363636364","0.616342800268905"
"Feedback_Type","Full","1040","0.511346153846154","0.00468387993005876","51.1346153846154","0.468387993005876"
"Feedback_Type","Partial","896","0.404575892857143","0.00744854981875942","40.4575892857143","0.744854981875942"
