weighted_top1,unweighted_top1,n_obs
0.6330790421699513,0.6355628346012961,18876
