model,nobs,AIC,BIC,logLik,singular
phase_uncertainty,18876,25012.642286730304,25161.709571234383,-12487.321143365152,FALSE
