model,nobs,AIC,BIC,logLik,singular
switch_stay,18876,24382.48054700365,24492.3195987435,-12177.240273501826,FALSE
