comparison,parameter,mean_diff,median_diff,q2.5,q97.5,prob_gt_0,prob_lt_0,posterior_tail_p,pd
Partial_only: TP - No TP,mu_alpha,-0.1546563578284618,-0.15852698771168172,-0.7537384344826465,0.47158992127148475,0.30383333333333334,0.6961666666666667,0.6076666666666667,0.6961666666666667
Partial_only: TP - No TP,mu_beta,0.11169939672723607,0.1084498964836128,-0.17174819373653485,0.4022072948343628,0.7821666666666667,0.21783333333333332,0.43566666666666665,0.7821666666666667
Partial_only: TP - No TP,mu_gamma,0.15371828784994238,0.1544985334658261,-0.03158645886790972,0.33327465203395357,0.9498333333333333,0.050166666666666665,0.10033333333333333,0.9498333333333333
Partial_only: TP - No TP,sigma_alpha,0.03495155931204792,0.039041456318623574,-0.6123430855061895,0.6496830272117446,0.5451666666666667,0.4548333333333333,0.9096666666666666,0.5451666666666667
Partial_only: TP - No TP,sigma_beta,-0.2162318461547992,-0.21405125054337765,-0.5949047063972122,0.15417969248142038,0.11866666666666667,0.8813333333333333,0.23733333333333334,0.8813333333333333
Partial_only: TP - No TP,sigma_gamma,-0.018216438176117702,-0.018034514036023463,-0.17815650121558252,0.14415125548672914,0.4121666666666667,0.5878333333333333,0.8243333333333334,0.5878333333333333
