comparison,param_type,n,mean_diff,sd_diff,t_stat,p_value,wilcox_p
Partial_only: TP - No TP,alpha,56,-0.15028167115151211,0.08903865910353781,-12.630525450903729,6.84796020683919e-18,1.737443063630405e-10
Partial_only: TP - No TP,beta,56,0.1309625208339322,0.46955390793085044,2.087159217258529,0.04152102302793754,0.0801710240402487
Partial_only: TP - No TP,gamma,56,0.15643461473639034,0.32818145123010733,3.5670799161963904,7.568464348355123e-4,1.840032610358112e-4
