npar,AIC,LRT,Pr(Chi),term
NA,6522.036223537231,NA,NA,<none>
1,6520.250152179282,0.21392864205063233,0.643705447142293,Blocks:Choice_Frame:Feedback_Type
