AIC,BIC,logLik,n_obs,n_participants,singular
6522.036223537231,6580.398253534628,-3252.0181117686157,4840,121,FALSE
