grp,var1,var2,vcov,sdcor
Participant,(Intercept),NA,0.3013713289192028,0.5489729764926529
