comparison,level_a,level_b,param_type,n,mean_diff,sd_diff,t_stat,p_value,wilcox_p
Full_vs_Partial,Full,Partial,alpha,56,-1.1099387744617988,0.07716472162560636,-107.64013727624643,1.1901684924994896e-65,7.75514624681561e-11
Full_vs_Partial,Full,Partial,beta,56,0.6434557337726636,0.29434695344826395,16.35886406247928,8.710904778782719e-23,7.75514624681561e-11
Full_vs_Partial,Full,Partial,gamma,56,-0.2586630968940575,0.5769779117304087,-3.3548205832589626,0.001444257259416365,2.0276059144757835e-4
Accept_vs_Reject,Accept,Reject,alpha,65,0.2850316909303171,0.10742444634276216,21.391769163801857,7.369065124920026e-31,2.5794995709154757e-12
Accept_vs_Reject,Accept,Reject,beta,65,-0.28721891827179613,0.2147180458978659,-10.784528797342839,4.945789360034135e-16,1.7625818535429837e-11
Accept_vs_Reject,Accept,Reject,gamma,65,-0.050063778741012685,0.2698753734626296,-1.4956054822087173,0.13967155814712398,0.09433840528697357
TP_vs_NoTP,TP,No TP,alpha,65,-0.09511613691405411,0.05797245114686652,-13.227848687660806,5.660948790797856e-20,5.1676927370945875e-12
TP_vs_NoTP,TP,No TP,beta,65,0.1043817803395265,0.22460267169398287,3.7468513218317607,3.866519019076016e-4,7.640729693418807e-4
TP_vs_NoTP,TP,No TP,gamma,65,0.14796264457919123,0.3332678489104906,3.5794421262571974,6.632804437780938e-4,1.1239486708556723e-4
