pair,n,mean_correlation,median_correlation,q05,q95
alpha_a vs alpha_b,484,-0.44512606511096325,-0.47580501394346536,-0.6392224231493747,-0.16714641235658362
beta_a vs beta_b,484,-0.687989238674472,-0.6603290593468133,-0.911050865757422,-0.47426814883800833
gamma_a vs gamma_b,484,-0.771857094106634,-0.7950749509041019,-0.8456513278197344,-0.6127016641867349
