parameter,mean_pearson_r,min_pearson_r,mean_spearman_rho,mean_rmse,mean_abs_bias,tasks_hdi_cross_zero,n_tasks
alpha,0.009749370922333942,-0.11594909108053668,-0.019911174351963826,0.56853433161655,0.4636799194652587,4,8
beta,0.13462652606115452,-0.21970543772739665,0.04664048944476576,0.5279493067087904,0.2066410241302139,7,8
gamma,0.8562133730182034,0.8096518136011761,0.8306696592880803,0.2881795359344867,0.0346136392594782,8,8
