comparison,parameter,mean_diff,median_diff,q2.5,q97.5,prob_gt_0,prob_lt_0,posterior_tail_p,pd
Full_only: TP - No TP,mu_alpha,-0.04966790019205886,-0.051497562029794386,-0.6529064487728673,0.5382412130817316,0.435,0.565,0.87,0.565
Full_only: TP - No TP,mu_beta,0.08781997770204003,0.08769243520657882,-0.16277650789622955,0.33602431078649,0.7551666666666667,0.24483333333333332,0.48966666666666664,0.7551666666666667
Full_only: TP - No TP,mu_gamma,0.13679789792174765,0.136146349057512,-0.030649259036578055,0.301775386938342,0.9445,0.0555,0.111,0.9445
Full_only: TP - No TP,sigma_alpha,0.024997434795226817,0.022000703075087474,-0.5025767880351896,0.5664984843802088,0.5281666666666667,0.4718333333333333,0.9436666666666667,0.5281666666666667
Full_only: TP - No TP,sigma_beta,-0.010426992648946762,-0.010909532238268488,-0.2825666635677604,0.26286669126076095,0.4688333333333333,0.5311666666666667,0.9376666666666666,0.5311666666666667
Full_only: TP - No TP,sigma_gamma,0.1038188886630775,0.10357047406450692,-0.04129393640320188,0.24999874855806167,0.919,0.081,0.162,0.919
