task,model,term,Estimate,Std. Error,z value,Pr(>|z|)
FulltickNoTimelimited,M2_glmer_random_intercept,(Intercept),0.18212516357011665,0.06680166624263183,2.7263565987802725,0.00640377720382543
FulltickNoTimelimited,M2_glmer_random_intercept,mu_diff_z,0.21669556056794081,0.049756457577050925,4.355124362146852,1.329913931299317e-5
FulltickNoTimelimited,M2_glmer_random_intercept,sd_diff_z,-0.10242344062514165,0.0550824985202602,-1.8594552421667787,0.06296263778477759
FulltickNoTimelimited,M2_glmer_random_intercept,prev_left,-0.22084193197310523,0.08228154074130538,-2.683979055125331,0.007275166382380004
