feedback,quantile,mean_rt
Full,q10,325.2484615384615
Full,q50,451.95384615384614
Full,q90,866.3096153846155
Partial,q10,303.23125
Partial,q50,413.1875
Partial,q90,732.1825892857144
