feedback,slope_prev_chosen
Full,0.03484402905128923
Partial,-0.5227041082040875
