feedback,lose_shift_mean,win_stay_mean
Full,0.5684606052993867,0.6839030638350782
Partial,0.48028831497721525,0.7258049261914126
