weighted_top1,unweighted_top1,n_obs
0.6528925619834711,0.6540838968723584,18876
