AIC,BIC,logLik,n_obs,n_participants,singular
13267.676131285612,13504.544098234543,-6600.838065642806,9680,121,FALSE
