grp,var1,var2,vcov,sdcor
Participant,(Intercept),NA,0.07403637823220785,0.2720962664797293
